City,Tags,State,Old_age,Young_age,link 1,Avg Expense Per Day,historical & heritage,city,pilgrimage,hill station,beach,lake & backwater,adventure / trekking,wildlife,waterfall,nature & scenic,Image Link
Delhi City,Historical & Heritage |  City,Delhi,1,1,https://www.holidify.com/places/delhi/,2832,1,1,0,0,0,0,0,0,0,0,https://cdn.britannica.com/37/189837-050-F0AF383E/New-Delhi-India-War-Memorial-arch-Sir.jpg
Agra,City |  Historical & Heritage,Uttar Pradesh,1,1,https://www.holidify.com/places/agra/,1994,1,1,0,0,0,0,0,0,0,0,https://www.oyorooms.com/travel-guide/wp-content/uploads/2019/09/Best-time-to-visit-Agra-3.jpg
Panjim,City,Goa,0,1,https://www.holidify.com/places/goa/,5351,0,1,0,0,0,0,0,0,0,0,https://d27k8xmh3cuzik.cloudfront.net/wp-content/uploads/2019/04/Homestays-in-Panjim-OG.jpg
Varanasi,Pilgrimage,Uttar Pradesh,1,0,https://www.holidify.com/places/varanasi/,1943,0,0,1,0,0,0,0,0,0,0,https://dynamic-media-cdn.tripadvisor.com/media/photo-o/0a/be/17/41/caption.jpg?w=1000&h=600&s=1
Shimla,Hill Station,Himachal Pradesh,0,1,https://www.holidify.com/places/shimla/,4317,0,0,0,1,0,0,0,0,0,0,https://akm-img-a-in.tosshub.com/indiatoday/images/story/201810/SHIMLA.jpeg?p8rkDgUaxdIezLOdixVSYZfIdYEkHBUU
Haridwar,Pilgrimage,Uttarakhand,1,0,https://www.holidify.com/places/haridwar/,2220,0,0,1,0,0,0,0,0,0,0,https://www.tripsavvy.com/thmb/UnFTsNbJOS_r8BOZGnmwjwRwLn4=/2124x1411/filters:no_upscale():max_bytes(150000):strip_icc()/GettyImages-458731819-e2afa10fe59d4fd5b3e4b6825760b744.jpg
Ooty,Hill Station,Tamil Nadu,0,1,https://www.holidify.com/places/ooty/,3046,0,0,0,1,0,0,0,0,0,0,http://travelandynews.com/wp-content/uploads/2019/07/train-ooty.jpg
Jaipur,Historical & Heritage |  City,Rajasthan,1,0,https://www.holidify.com/places/jaipur/,1884,1,1,0,0,0,0,0,0,0,0,https://cdn1.goibibo.com/voy_ing/t_fs/rajasthan-jaipur-148046447735o.jpeg
Tirupati,Pilgrimage |  City,Andhra Pradesh,1,0,https://www.holidify.com/places/tirupati/,2160,0,1,1,0,0,0,0,0,0,0,https://upload.wikimedia.org/wikipedia/commons/thumb/4/4e/Tirumala_090615.jpg/1200px-Tirumala_090615.jpg
Andaman Islands,Beach,Andaman and Nicobar Islands,0,1,https://www.holidify.com/places/andaman-nicobar-islands/,2844,0,0,0,0,1,0,0,0,0,0,https://img.traveltriangle.com/blog/wp-content/uploads/2020/09/Andaman_Islands_india.jpg
Munnar,Hill Station,Kerala,0,1,https://www.holidify.com/places/munnar/,3089,0,0,0,1,0,0,0,0,0,0,https://www.holidify.com/images/bgImages/MUNNAR.jpg
Shirdi,Pilgrimage,Maharashtra,1,0,https://www.holidify.com/places/shirdi/,1510,0,0,1,0,0,0,0,0,0,0,https://www.sai.org.in/sites/default/files/home-slider-1.jpg
Manali,Hill Station,Himachal Pradesh,0,1,https://www.holidify.com/places/manali/,1496,0,0,0,1,0,0,0,0,0,0,https://static.toiimg.com/photo/77760011.cms
Alleppey,Beach |  Lake & Backwater,Kerala,0,1,https://www.holidify.com/places/alleppey/,2818,0,0,0,0,1,1,0,0,0,0,https://seoimgak.mmtcdn.com/blog/sites/default/files/explore-alleppey-.jpg
Somnath,Pilgrimage,Gujarat,1,0,https://www.holidify.com/places/somnath/,2873,0,0,1,0,0,0,0,0,0,0,https://blog.railyatri.in/wp-content/uploads/2018/04/Somnath-Temple-architecture.png
Ajanta Caves,Historical & Heritage,Maharashtra,1,0,https://www.holidify.com/places/ajanta-and-ellora-caves/,956,1,0,0,0,0,0,0,0,0,0,https://cdn.britannica.com/70/153470-050-F4594C27/Ajanta-Caves-Maharashtra-India.jpg
Nainital,Hill Station,Uttarakhand,0,1,https://www.holidify.com/places/nainital/,3763,0,0,0,1,0,0,0,0,0,0,https://www.clubmahindra.com/blog/media/section_images/shuttersto-b9d5e12a4e1142e.jpg
Amritsar,Historical & Heritage |  Pilgrimage,Punjab,1,0,https://www.holidify.com/places/amritsar/,1958,1,0,1,0,0,0,0,0,0,0,https://blog.railyatri.in/wp-content/uploads/2018/11/48-Hours-in-Amritsar.png
Darjeeling,Hill Station,West Bengal,0,1,https://www.holidify.com/places/darjeeling/,2296,0,0,0,1,0,0,0,0,0,0,"https://imgk.timesnownews.com/media/Darjeeling_1.jpg?tr=w-600,h-450"
Rameshwaram,Pilgrimage,Tamil Nadu,1,0,https://www.holidify.com/places/rameswaram/,2099,0,0,1,0,0,0,0,0,0,0,https://images.herzindagi.info/image/2019/Sep/rameshwaram-bridge-underwater-main.jpg
Pondicherry,Beach |  City,Pondicherry,0,1,https://www.holidify.com/places/pondicherry/,2770,0,1,0,0,1,0,0,0,0,0,"https://img.etimg.com/thumb/msid-59251312,width-650,imgsize-122866,,resizemode-4,quality-100/.jpg"
Mysore,Historical & Heritage |  City,Karnataka,1,0,https://www.holidify.com/places/mysore/,1645,1,1,0,0,0,0,0,0,0,0,https://lp-cms-production.imgix.net/2019-06/5419167.jpg
Rishikesh,Pilgrimage |  Adventure / Trekking,Uttarakhand,1,1,https://www.holidify.com/places/rishikesh/,2412,0,0,1,0,0,0,1,0,0,0,https://www.euttaranchal.com/tourism/photos/rishikesh-3715497.jpg
Puri,Beach |  Pilgrimage,Odisha,1,1,https://www.holidify.com/places/puri/,2115,0,0,1,0,1,0,0,0,0,0,https://akm-img-a-in.tosshub.com/indiatoday/images/story/202006/Lord_Jagannath_Yatra_pti_file-.jpeg?Q77N_cK8qz1xikNgdPYL0LVbQylv.D4T&size=770:433
Mumbai,Historical & Heritage |  City,Maharashtra,1,1,https://www.holidify.com/places/mumbai/,3675,1,1,0,0,0,0,0,0,0,0,https://akm-img-a-in.tosshub.com/indiatoday/images/story/202012/mumbai_pune_maharashtra_shutdo_1200x768.jpeg?YBSdfbrsZWhfCObmyFBbW3_JBw3_d_g4&size=770:433
Hampi,Historical & Heritage,Karnataka,1,0,https://www.holidify.com/places/hampi/,1611,1,0,0,0,0,0,0,0,0,0,https://www.deccanherald.com/sites/dh/files/styles/article_detail/public/article_images/2019/11/13/Hampi-DH-1573602601.jpg?itok=hl7thlfL
Kumarakom,Lake & Backwater,Kerala,0,1,https://www.holidify.com/places/kumarakom/,2412,0,0,0,0,0,1,0,0,0,0,https://s3.india.com/travel/wp-content/uploads/2017/01/kumarakom-625x470.jpg
Madurai,Historical & Heritage |  Pilgrimage |  City,Tamil Nadu,1,0,https://www.holidify.com/places/madurai/,1897,1,1,1,0,0,0,0,0,0,0,https://www.fabhotels.com/blog/wp-content/uploads/2019/03/3Thirupparankundram-Murugan-Temple-Madurai.jpg
Coorg,Hill Station,Karnataka,0,1,https://www.holidify.com/places/coorg/,4125,0,0,0,1,0,0,0,0,0,0,"https://res.cloudinary.com/simplotel/image/upload/x_28,y_8,w_1265,h_710,r_0,c_crop,q_80,fl_progressive/w_1100,f_auto,c_fit/stay-simple-resorts/Barapole_river_rafting_coorg_k4a1vj"
Udaipur,Historical & Heritage,Rajasthan,1,0,https://www.holidify.com/places/udaipur/,4169,1,0,0,0,0,0,0,0,0,0,https://www.travelogyindia.com/blog/wp-content/uploads/2019/05/City-Palace-Udaipur.jpg
Kanchipuram,Historical & Heritage |  Pilgrimage,Tamil Nadu,1,0,https://www.holidify.com/places/kanchipuram/,2552,1,0,1,0,0,0,0,0,0,0,https://cdn1.goibibo.com/voy_ing/t_fs/kanchipuram-ekambaranatha-temple-149359504409o.jpeg
Jim Corbett National Park,Wildlife,Uttarakhand,1,1,https://www.holidify.com/places/corbett-national-park/,5368,0,0,0,0,0,0,0,1,0,0,"https://media.wired.com/photos/5e8f7e57798a15000821fec1/4:3/w_2043,h_1532,c_limit/Science_bronxtiger_893408608.jpg"
Mussoorie,Hill Station,Uttarakhand,0,1,https://www.holidify.com/places/mussoorie/,4830,0,0,0,1,0,0,0,0,0,0,https://cf.bstatic.com/images/hotel/max1024x768/268/268735409.jpg
Hyderabad,Historical & Heritage |  City,Telangana,1,0,https://www.holidify.com/places/hyderabad/,3059,1,1,0,0,0,0,0,0,0,0,https://cw-gbl-gws-prod.azureedge.net/-/media/cw/apac/india/offices/hyderabad-storycard.jpg?rev=b10d8e5e237245c3ae95d6b5405ff505
Mahabaleshwar,Hill Station,Maharashtra,0,1,https://www.holidify.com/places/mahabaleshwar/,3095,0,0,0,1,0,0,0,0,0,0,https://www.fabhotels.com/blog/wp-content/uploads/2019/03/Pratapgarh-Fort.jpg
Kovalam,Beach,Kerala,0,1,https://www.holidify.com/places/kovalam/,2818,0,0,0,0,1,0,0,0,0,0,https://k6u8v6y8.stackpathcdn.com/blog/wp-content/uploads/2017/02/Kovalam-Tourist-Attractions.jpg
Jodhpur,Historical & Heritage,Rajasthan,1,0,https://www.holidify.com/places/jodhpur/,2866,1,0,0,0,0,0,0,0,0,0,https://www.holidify.com/images/bgImages/JODHPUR.jpg
Ahmedabad,Historical & Heritage |  City,Gujarat,1,0,https://www.holidify.com/places/ahmedabad/,2358,1,1,0,0,0,0,0,0,0,0,https://akm-img-a-in.tosshub.com/sites/btmt/images/stories/motera_stadium_660_240221014741.jpg
Kodaikanal,Hill Station,Tamil Nadu,0,1,https://www.holidify.com/places/kodaikanal/,3508,0,0,0,1,0,0,0,0,0,0,https://www.makemytrip.com/travel-guide/media/dg_image/kodaikanal/Pillar-Rocks-Kodaikanal.jpg
Thekkady,Hill Station |  Wildlife |  Lake & Backwater,Kerala,0,1,https://www.holidify.com/places/thekkady/,2708,0,0,0,1,0,1,0,1,0,0,https://dynamic-media-cdn.tripadvisor.com/media/photo-o/09/6b/09/70/thekkady.jpg?w=1000&h=600&s=1
Ellora Caves,Historical & Heritage,Maharashtra,1,0,https://www.holidify.com/places/ajanta-and-ellora-caves/,956,1,0,0,0,0,0,0,0,0,0,https://jonistravelling.com/wp-content/uploads/2018/11/day-trip-ellora-caves-aurangabad-india-750x500.jpg
Khajuraho,Historical & Heritage |  Pilgrimage,Madhya Pradesh,1,0,https://www.holidify.com/places/khajuraho/,1138,1,0,1,0,0,0,0,0,0,0,https://lp-cms-production.imgix.net/2019-06/1db191eeeac9140ca983de53cf26334d356ed973f0b2db39f714e82c71a4d38d.jpg?auto=format&fit=crop&ixlib=react-8.6.4&h=520&w=1312
Kaziranga National Park,Wildlife,Assam,1,1,https://www.holidify.com/places/kaziranga-national-park/,2655,0,0,0,0,0,0,0,1,0,0,https://www.tourmyindia.com/socialimg/kaziranga-national-park.jpg
Chikmagalur,Hill Station,Karnataka,0,1,https://www.holidify.com/places/chikmagalur/,4047,0,0,0,1,0,0,0,0,0,0,https://www.dailyexcelsior.com/wp-content/uploads//2018/06/Chikmagalur.jpg
Sabarimala,Pilgrimage,Kerala,1,0,https://www.holidify.com/places/sabarimala/,3209,0,0,1,0,0,0,0,0,0,0,https://bsmedia.business-standard.com/media-handler.php?mediaPath=https://bsmedia.business-standard.com/_media/bs/img/article/2016-12/26/full/1482748456-5874.jpg&width=1200
Konark,Historical & Heritage,Odisha,1,0,https://www.holidify.com/places/konark/,2653,1,0,0,0,0,0,0,0,0,0,https://images.newindianexpress.com/uploads/user/imagelibrary/2020/1/10/w1200X800/Konark_temple-_EPS.jpg
Gir National Park,Wildlife,Gujarat,1,1,https://www.holidify.com/places/gir-national-park/,4053,0,0,0,0,0,0,0,1,0,0,https://img.traveltriangle.com/blog/wp-content/uploads/2017/08/Cover13.jpg
Mahabalipuram,Historical & Heritage |  Beach,Tamil Nadu,1,1,https://www.holidify.com/places/mahabalipuram/,3742,1,0,0,0,1,0,0,0,0,0,https://c.ndtvimg.com/2020-08/gom2ebv_mahabalipuram_295x200_20_August_20.jpg
Gangtok,Hill Station,Sikkim,0,1,https://www.holidify.com/places/gangtok/,2550,0,0,0,1,0,0,0,0,0,0,https://www.outlookindia.com/outlooktraveller/public/uploads/articles/explore/shutterstock_484777531.jpg
Jaisalmer,Historical & Heritage,Rajasthan,1,0,https://www.holidify.com/places/jaisalmer/,1855,1,0,0,0,0,0,0,0,0,0,https://assets.traveltriangle.com/blog/wp-content/uploads/2016/10/Jaisalmer-Desert-camel-Safari.jpg
Bandhavgarh National Park,Wildlife,Madhya Pradesh,1,1,https://www.holidify.com/places/bandhavgarh-national-park/,4687,0,0,0,0,0,0,0,1,0,0,https://www.nativeplanet.com/img/2014/07/25-bandhavgarhnationalpark1.jpg
Athirapally Waterfalls,Waterfall,Kerala,0,1,https://www.holidify.com/places/thrissur/,2490,0,0,0,0,0,0,0,0,1,0,https://i2.wp.com/www.keralahoneymoons.com/blog/wp-content/uploads/2015/09/Athirapally-waterfalls-Thrissur-Kerala.jpg?fit=1024%2C533
Wayanad,Hill Station,Kerala,0,1,https://www.holidify.com/places/wayanad/,2990,0,0,0,1,0,0,0,0,0,0,https://tripily.co/wp-content/uploads/2019/10/3253378071-2-e1571735443995.jpg
Nagarhole National Park,Wildlife,Karnataka,1,1,https://www.holidify.com/places/nagarhole/,4682,0,0,0,0,0,0,0,1,0,0,https://edge.ixigo.com/ixi-api/img/5134c06a831478369ab3c6ba_600x315.jpg
Kanyakumari,Pilgrimage |  Beach |  Nature & Scenic,Tamil Nadu,1,1,https://www.holidify.com/places/kanyakumari/,1486,0,0,1,0,1,0,0,0,0,1,"https://www.tripsavvy.com/thmb/yUi3kQW3JtyCFRrK9DqqNSb12nA=/2121x1414/filters:fill(auto,1)/GettyImages-1171590321-366ab14d9da048158c2a52e1b851d8f0.jpg"
Dharamshala,Historical & Heritage |  Hill Station,Himachal Pradesh,1,1,https://www.holidify.com/places/dharamsala/,2124,1,0,0,1,0,0,0,0,0,0,https://s3.india.com/wp-content/uploads/2020/12/Dharamshala.jpg
Ranthambore National Park,Wildlife,Rajasthan,1,1,https://www.holidify.com/places/ranthambore/,4685,0,0,0,0,0,0,0,1,0,0,https://www.visittnt.com/images/wildlife/national-park/ranthambhore-national-park.jpg
Shillong,Hill Station,Meghalaya,0,1,https://www.holidify.com/places/shillong/,2617,0,0,0,1,0,0,0,0,0,0,https://www.oyorooms.com/travel-guide/wp-content/uploads/2019/04/Elephant-Falls.jpg
Thanjavur,Historical & Heritage |  Pilgrimage,Tamil Nadu,1,0,https://www.holidify.com/places/thanjevur/,2281,1,0,1,0,0,0,0,0,0,0,https://cdn.britannica.com/84/196584-050-410B179D/Brihadishvara-Chola-temple-Thanjavur-India-Tamil-Nadu.jpg
Ganpatipule,Pilgrimage |  Beach,Maharashtra,1,1,https://www.holidify.com/places/ganapatipule/,2761,0,0,1,0,1,0,0,0,0,0,https://www.trawell.in/admin/images/upload/520468440Ganpatipule_Temple.jpg
Bandipur National Park,Wildlife,Karnataka,1,1,https://www.holidify.com/places/bandipur-national-park/,4160,0,0,0,0,0,0,0,1,0,0,https://www.weekendthrill.com/wp-content/uploads/2016/07/Bandipur-National-Park.jpg
Cherrapunji,Hill Station,Meghalaya,0,1,https://www.holidify.com/places/cherrapunjee/,2802,0,0,0,1,0,0,0,0,0,0,https://www.adotrip.com/public/images/city/master_images/5e411ceab3ed3-Cherrapunji_Attractions.jpg
Hogenakkal,Waterfall,Tamil Nadu,0,1,https://www.holidify.com/places/hogenakkal/,5104,0,0,0,0,0,0,0,0,1,0,https://imgstaticcontent.lbb.in/lbbnew/wp-content/uploads/sites/2/2018/06/07201310/HogenakkalFalls2.jpg
Dwarka,Pilgrimage,Gujarat,1,0,https://www.holidify.com/places/dwarka/,1607,0,0,1,0,0,0,0,0,0,0,https://www.tourmyindia.com/weekend-tours/images/ahmedabad-dwarka-weekend-tour2.webp
Kullu,Hill Station,Himachal Pradesh,0,1,https://www.holidify.com/places/kullu/,2713,0,0,0,1,0,0,0,0,0,0,https://discoverkullumanali.in/wp-content/uploads/2020/11/Solang-valley-in-Manali.jpg
Mathura,Pilgrimage,Uttar Pradesh,1,0,https://www.holidify.com/places/mathura/,1663,0,0,1,0,0,0,0,0,0,0,https://images.financialexpress.com/2020/08/krishna660.jpg
Bangalore,City,Karnataka,0,1,https://www.holidify.com/places/bangalore/,2564,0,1,0,0,0,0,0,0,0,0,https://www.revv.co.in/blogs/wp-content/uploads/2020/05/Lepakshi.jpg
Rann Of Kutch,Historical & Heritage |  Nature & Scenic,Gujarat,1,1,https://www.holidify.com/places/kutch/,3470,1,0,0,0,0,0,0,0,0,1,https://www.gujarattourism.com/content/dam/gujrattourism/images/weekend-get-aways/great-rann-of-kutch/gallery/Great%20Rann%20Of%20Kutch%20(14).jpg
Tiruchirappalli,Historical & Heritage |  City,Tamil Nadu,1,1,https://www.holidify.com/places/tiruchirappalli/,2500,1,1,0,0,0,0,0,0,0,0,https://pix10.agoda.net/geo/city/114739/1_114739_02.jpg?s=1920x822
Gokarna,Pilgrimage |  Beach,Karnataka,1,1,https://www.holidify.com/places/gokarna/,1876,0,0,1,0,1,0,0,0,0,0,https://www.hlimg.com/images/stories/738X538/gokarna_1546858082-8053e.jpg
Alibaug,Beach |  Historical & Heritage,Maharashtra,1,0,https://www.holidify.com/places/alibag/,4811,1,0,0,0,1,0,0,0,0,0,https://static.toiimg.com/thumb/59540425/Alibaug-Beach.jpg?width=1200&height=900
Ajmer,Historical & Heritage |  Pilgrimage,Rajasthan,1,0,https://www.holidify.com/places/ajmer/,1552,1,0,1,0,0,0,0,0,0,0,https://chikucab.com/taxi/wp-content/uploads/2020/12/cab-service-in-ajmer.jpg
Kochi,Beach |  City,Kerala,0,1,https://www.holidify.com/places/kochi/,2130,0,1,0,0,1,0,0,0,0,0,https://static.toiimg.com/photo/71775173.cms
Kedarnath,Pilgrimage |  Adventure / Trekking,Uttarakhand,1,1,https://www.holidify.com/places/kedarnath/,2249,0,0,1,0,0,0,1,0,0,0,https://www.rajyasameeksha.com/Uploads/86efad5e-69e4-46f7-bcaa-74dacc6a22c1.jpg
Shivanasamudra Falls,Waterfall,Karnataka,0,1,https://www.holidify.com/places/shivanasamundram/,4247,0,0,0,0,0,0,0,0,1,0,https://www.nativeplanet.com/img/2017/06/03-16-1497615211.jpg
Bhubaneswar,City,Odisha,0,1,https://www.holidify.com/places/bhubaneswar/,2404,0,1,0,0,0,0,0,0,0,0,https://odishatourism.gov.in/content/dam/tourism/home/discover/major-cities/bhubaneswar/gallery/gallery2.jpg
Lonavala,Hill Station,Maharashtra,0,1,https://www.holidify.com/places/lonavala/,5405,0,0,0,1,0,0,0,0,0,0,https://s3.india.com/wp-content/uploads/2018/08/Lonavala2.jpg
Tadoba National Park,Wildlife,Maharashtra,1,1,https://www.holidify.com/places/tadoba/,5605,0,0,0,0,0,0,0,1,0,0,https://lh3.googleusercontent.com/proxy/2TjbCFeddmztU9ojyyysHI919s-GQYq3tXZbVPVM5wVGHlp96-Y3rxVuNurkUsmXZmV1RjN8n9EZQ75-WZRFqWw4DNwsgmnxPxlLtwyW-6SPdGa0eHFVUxeearXrMPqD2zTD_zBBwVCzIzWFL0-Wb5TLVGOCephzyF0HHnuIaVl2YePsoRN4b9D2WmUG
Valley Of Flowers,Nature & Scenic |  Adventure / Trekking,Uttarakhand,0,1,https://www.holidify.com/places/valley-of-flowers/,3675,0,0,0,0,0,0,1,0,0,1,https://tangytour.com/wp-content/uploads/2020/11/1600347344_shutterstock_268993172.jpg.jpg
Vizag,Beach |  City |  Nature & Scenic,Andhra Pradesh,0,1,https://www.holidify.com/places/visakhapatnam/,1992,0,1,0,0,1,0,0,0,0,1,https://assets.thehansindia.com/h-upload/feeds/2019/05/10/173219-vizag.jpg
Pelling,Hill Station,Sikkim,0,1,https://www.holidify.com/places/west-sikkim/,1966,0,0,0,1,0,0,0,0,0,0,"https://images.thrillophilia.com/image/upload/s--4fdq8pcy--/c_fill,h_600,q_auto,w_975/f_auto,fl_strip_profile/v1/images/photos/000/107/544/original/1613387577_shutterstock_645021859_optimized.jpg.jpg?1613387577"
Dandeli,Adventure / Trekking,Karnataka,0,1,https://www.holidify.com/places/dandeli/,3170,0,0,0,0,0,0,1,0,0,0,"https://images.thrillophilia.com/image/upload/s--VlS5EOfh--/c_fill,g_auto/v1/attractions/images/000/002/816/original/17-09-1305-05-32_River.jpg.jpg"
Badrinath,Pilgrimage,Uttarakhand,1,0,https://www.holidify.com/places/badrinath/,4352,0,0,1,0,0,0,0,0,0,0,https://images.sadhguru.org/sites/default/files/media_files/17653-badrinath.jpg
Bikaner,Historical & Heritage,Rajasthan,1,0,https://www.holidify.com/places/bikaner/,2259,1,0,0,0,0,0,0,0,0,0,https://upload.wikimedia.org/wikipedia/commons/7/7c/The_Laxmi_Niwas_Palace%2C_Bikaner%2C_Rajasthan.jpg
Chidambaram,Historical & Heritage |  Pilgrimage,Tamil Nadu,1,0,https://www.holidify.com/places/chidambram/,2571,1,0,1,0,0,0,0,0,0,0,https://www.nativeplanet.com/img/2018/11/chidambaram-temple-tank-1-1541138556.jpg
Guwahati,City,Assam,0,0,https://www.holidify.com/places/guwahati/,1790,0,1,0,0,0,0,0,0,0,0,https://www.oyorooms.com/travel-guide/wp-content/uploads/2019/03/Kamakhya-Temple.jpg
Dalhousie,Hill Station,Himachal Pradesh,0,1,https://www.holidify.com/places/dalhousie/,2942,0,0,0,1,0,0,0,0,0,0,"https://images.thrillophilia.com/image/upload/s--6xOMHRRd--/c_fill,h_600,q_auto,w_975/f_auto,fl_strip_profile/v1/images/photos/000/112/340/original/1600316182_1587991355_1.Khajjiar-Mini-Switzerland-of-India-3.jpg.jpg.jpg?1600316182"
Pune,Historical & Heritage |  City,Maharashtra,1,0,https://www.holidify.com/places/pune/,3086,1,1,0,0,0,0,0,0,0,0,https://punetourism.co.in/images/places-to-visit/headers/shaniwar-wada-pune-tourism-entry-fee-timings-holidays-reviews-header.jpg
Vrindavan,Pilgrimage,Uttar Pradesh,1,0,https://www.holidify.com/places/vrindavan/,1515,0,0,1,0,0,0,0,0,0,0,https://www.dham-yatra.com/blog/wp-content/uploads/2020/02/mathura-vrindavan-local-sightseeing-tour-package-prem-mandir.jpg
Almora,Hill Station,Uttarakhand,0,1,https://www.holidify.com/places/almora/,3654,0,0,0,1,0,0,0,0,0,0,https://www.helloholidays.in/images-of-tour-packages/Enroute-Almora.jpg
Srisailam,Lake & Backwater |  Nature & Scenic |  Pilgrimage,Andhra Pradesh,0,1,https://www.holidify.com/places/srisailam/,1987,0,0,1,0,0,1,0,0,0,1,https://seoimgak.mmtcdn.com/blog/sites/default/files/images/srisailam_1.jpg
Murudeshwar,Pilgrimage |  Beach,Karnataka,1,1,https://www.holidify.com/places/murudeshwar/,4320,0,0,1,0,1,0,0,0,0,0,https://img.traveltriangle.com/blog/wp-content/uploads/2018/06/shiva-temple1.jpg
Trivandrum,City,Kerala,0,1,https://www.holidify.com/places/trivandrum/,1697,0,1,0,0,0,0,0,0,0,0,https://static.toiimg.com/photo/45685972.cms
Udupi,Pilgrimage |  Beach,Karnataka,1,1,https://www.holidify.com/places/udupi/,2408,0,0,1,0,1,0,0,0,0,0,https://www.investkarnataka.co.in/wp-content/uploads/2020/08/Udupi.jpg
Nashik,Pilgrimage,Maharashtra,1,0,https://www.holidify.com/places/nasik/,3423,0,0,1,0,0,0,0,0,0,0,https://www.fabhotels.com/blog/wp-content/uploads/2019/06/Pandavleni-Caves.jpg
Gwalior,Historical & Heritage,Madhya Pradesh,1,0,https://www.holidify.com/places/gwalior/,1948,1,0,0,0,0,0,0,0,0,0,https://static.toiimg.com/thumb/65388545/gwalior-fort.jpg?width=1200&height=900
Chittorgarh,Historical & Heritage,Rajasthan,1,0,https://www.holidify.com/places/chittorgarh/,2127,1,0,0,0,0,0,0,0,0,0,https://www.holidify.com/images/bgImages/CHITTORGARH.jpg
Lachung,Hill Station,Sikkim,0,1,https://www.holidify.com/places/north-sikkim/,3101,0,0,0,1,0,0,0,0,0,0,https://static2.tripoto.com/media/filter/tst/img/69468/SpotDocument/1529094154_1529094509502.jpg
Kumbakonam,Pilgrimage,Tamil Nadu,1,0,https://www.holidify.com/places/kumbakonam/,1985,0,0,1,0,0,0,0,0,0,0,https://www.outlookindia.com/outlooktraveller/public/uploads/filemanager/images/shutterstock_1232229151.jpg
Bhimtal,Hill Station,Uttarakhand,0,1,https://www.holidify.com/places/bhimtal/,4401,0,0,0,1,0,0,0,0,0,0,https://junooninthehills.com/blog/wp-content/uploads/2020/07/16754920661_f611fb0769_c.jpg
Ranikhet,Hill Station,Uttarakhand,0,1,https://www.holidify.com/places/ranikhet/,3871,0,0,0,1,0,0,0,0,0,0,https://www.tourmyindia.com/socialimg/ranikhet-tourism.jpg
Dehradun,City | Hill Station,Uttarakhand,1,1,https://www.holidify.com/places/dehradun/,2050,0,1,0,1,0,0,0,0,0,0,https://k6u8v6y8.stackpathcdn.com/blog/wp-content/uploads/2019/02/Rishikesh-Yoga-City-India.jpg
Lansdowne,Hill Station | Wildlife,Uttarakhand,1,1,https://www.holidify.com/places/lansdowne/,2710,0,0,0,1,0,0,0,1,0,0,https://vargiskhan.com/log/wp-content/uploads/2019/11/best-time-to-visit-lansdowne.jpg
Auli,Hill Station | Adventure / Trekking,Uttarakhand,0,1,https://www.holidify.com/places/auli/,3103,0,0,0,1,0,0,1,0,0,0,https://www.outdoorkeeda.com/uttarakhand/images/outdoorkeeda-auli-2.jpg
Gangotri,Pilgrimage | Hill Station,Uttarakhand,1,1,https://www.holidify.com/places/gangotri/,3070,0,0,1,1,0,0,0,0,0,0,https://iptb.b-cdn.net/wp-content/uploads/2013/11/gangotri-dham-uttarakhand.jpg
Yamunotri,Pilgrimage | Hill Station | Nature & Scenic | Adventure / Trekking,Uttarakhand,1,1,https://www.holidify.com/places/yamunotri/,2989,0,0,1,1,0,0,1,0,0,1,https://www.travelogyindia.com/storage/app/upload/yamunotri-dham.jpg
Harsil,Hill Station | Adventure / Trekking,Uttarakhand,0,1,https://www.holidify.com/places/harsil/,2775,0,0,0,1,0,0,1,0,0,0,https://1.bp.blogspot.com/-Fc6Lqhyhw5M/XbFsHbNfW0I/AAAAAAAAXag/c-k2420KoE0uzDF-ywYQGC3cKbU4FqKEACEwYBhgL/s1600/73108475_2490588554600400_333935463905624064_o.jpg
Pauri Garhwal,Hill Station | Adventure / Trekking | Nature & Scenic,Uttarakhand,0,1,https://www.holidify.com/places/pauri-garhwal/,2691,0,0,0,1,0,0,1,0,0,1,https://uttrakhandtrip.files.wordpress.com/2011/11/pauri-garhwal-0021.jpg
New Tehri,Hill Station | Lake & Backwater | Nature & Scenic,Uttarakhand,0,1,https://www.holidify.com/places/tehri-garhwal/,1280,0,0,0,1,0,1,0,0,0,1,https://cdn.s3waas.gov.in/s3258be18e31c8188555c2ff05b4d542c3/uploads/bfi_thumb/2018031444-olw7akshtc2a516mgx2ehn5d528eptkt0fba1rxua2.jpg
Solang Valley,Hill Station | Nature & Scenic,Himachal Pradesh,0,1,https://www.holidify.com/places/manali/,1685,0,0,0,1,0,0,0,0,0,1,https://www.holidify.com/images/cmsuploads/compressed/shutterstock_633164246_20190904103856_20190904103926.jpg
Manikaran,Pilgrimage | Hill Station,Himachal Pradesh,1,1,https://www.holidify.com/places/manikaran-sahib/,1031,0,0,1,1,0,0,0,0,0,0,https://img.traveltriangle.com/blog/wp-content/uploads/2019/04/manikaran-things-to-do-cover.jpg
Kasol,Hill Station | Nature & Scenic,Himachal Pradesh,0,1,https://www.holidify.com/places/kasol/,1102,0,0,0,1,0,0,0,0,0,1,https://yayavarclub.in/wp-content/uploads/2020/08/parvati_valley_river_KbmoH.jpg
Dainkund Peak Trek,Hill Station | Adventure / Trekking | Nature & Scenic,Himachal Pradesh,0,1,https://www.holidify.com/places/dalhousie/,2942,0,0,0,1,0,0,1,0,0,1,https://www.crazytravellers.com/wp-content/uploads/2018/03/Dalhousie-Dainkund-007.jpg
Chamera Lake,Lake & Backwater | Nature & Scenic,Himachal Pradesh,1,1,https://www.holidify.com/places/dalhousie/,2942,0,0,0,0,0,1,0,0,0,1,https://media-cdn.tripadvisor.com/media/photo-s/04/22/5b/1b/chamera-lake.jpg
Parvati Valley,Adventure / Trekking | Nature & Scenic,Himachal Pradesh,0,1,https://www.holidify.com/places/parvati-valley/,1424,0,0,0,0,0,0,1,0,0,1,https://www.oyorooms.com/travel-guide/wp-content/uploads/2019/09/cropped-Parvati.jpg
Bir Billing,Adventure / Trekking | Nature & Scenic,Himachal Pradesh,0,1,https://www.holidify.com/places/bir/,1379,0,0,0,0,0,0,1,0,0,1,https://imgstaticcontent.lbb.in/lbbnew/wp-content/uploads/sites/2/2016/06/Paragliding-at-Bir-Billing.jpg?w=1200&h=628&fill=blur&fit=fill
Palampur,Adventure / Trekking | Nature & Scenic,Himachal Pradesh,0,1,https://www.holidify.com/places/palampur/,3591,0,0,0,0,0,0,1,0,0,1,https://blog.railyatri.in/wp-content/uploads/2019/01/Tourist-places-in-Palampur.png
Chandigarh,City | Nature & Scenic | Lake & Backwater,Chandigarh,0,1,https://www.holidify.com/places/chandigarh/,3274,0,1,0,0,0,1,0,0,0,1,https://www.artchitectours.com/wp-content/uploads/2018/12/modernism-chandigarh-04.jpg
Srinagar,City | Nature & Scenic | Hill Station | Lake & Backwater,Jammu & Kashmir,0,1,https://www.holidify.com/places/srinagar/,2437,0,1,0,1,0,1,0,0,0,1,https://dynamic-media-cdn.tripadvisor.com/media/photo-o/15/4d/45/b3/srinagar.jpg?w=1100&h=600&s=1
Pahalgam,Hill Station | Pilgrimage | Nature & Scenic,Jammu & Kashmir,1,1,https://www.holidify.com/places/pahalgam/,2685,0,0,1,1,0,0,0,0,0,1,https://cdn.s3waas.gov.in/s330ef30b64204a3088a26bc2e6ecf7602/uploads/bfi_thumb/2018112262-olw7ypbd89384q51lchohjza13bka5csbu3xhg62kq.jpeg
Sonmarg,City | Hill Station,Jammu & Kashmir,0,1,https://www.holidify.com/places/sonamarg/,2050,0,1,0,1,0,0,0,0,0,0,https://static.toiimg.com/photo/66122027.cms
Kargil,Hill Station | Historical & Heritage,Jammu & Kashmir,1,1,https://www.holidify.com/places/kargil/,4250,1,0,0,1,0,0,0,0,0,0,https://img.theweek.in/content/dam/week/gallery/slideshow/2018/july/kargil-vijay-diwas/kargil-3-arvindjain.jpg
Leh,Hill Station | Lake & Backwater | Nature & Scenic,Jammu & Kashmir,0,1,https://www.holidify.com/places/ladakh/,2783,0,0,0,1,0,1,0,0,0,1,https://www.outlookindia.com/outlooktraveller/public/uploads/articles/travelnews/Pangong-Leh-train.jpg
Ladakh,Hill Station | Pilgrimage | Nature & Scenic,Jammu & Kashmir,1,1,https://www.holidify.com/places/ladakh/,2783,0,0,1,1,0,0,0,0,0,1,https://www.holidify.com/images/bgImages/LADAKH.jpg
Itanagar,Nature & Scenic | City | Wildlife,Arunanchal Pradesh,0,1,https://www.holidify.com/places/itanagar/,2774,0,1,0,0,0,0,0,1,0,1,https://www.tourmyindia.com/states/arunachalpradesh/images/tawang3.jpg
Tawang,Pilgrimage | Hill Station | Nature & Scenic,Arunanchal Pradesh,1,1,https://www.holidify.com/places/tawang/,2113,0,0,1,1,0,0,0,0,0,1,https://images.cnbctv18.com/wp-content/uploads/2018/12/cover16-768x508.jpg
Mount Abu,Hill Station | Pilgrimage | Nature & Scenic,Rajasthan,1,1,https://www.holidify.com/places/mount-abu/,3381,0,0,1,1,0,0,0,0,0,1,https://www.oyorooms.com/travel-guide/wp-content/uploads/2019/05/Things-to-do-at-the-Romantic-destination-of-Mount-Abu-Hero-Image.jpg
Diu,City | Beach,Daman & Diu,0,1,https://www.holidify.com/places/diu/,2897,0,1,0,0,1,0,0,0,0,0,https://cdn.britannica.com/27/1627-050-6E7FEBFB/fort-Portuguese-coast-Diu.jpg
Goa,City | Beach,Goa,0,1,https://www.holidify.com/places/goa/,5351,0,1,0,0,1,0,0,0,0,0,https://dynamic-media-cdn.tripadvisor.com/media/photo-o/15/33/fc/f0/goa.jpg?w=1100&h=600&s=1
Ross Island,Historical & Heritage,Andaman and Nicobar Islands,1,0,https://www.holidify.com/places/andaman-nicobar-islands/,2844,1,0,0,0,0,0,0,0,0,0,https://www.oyorooms.com/travel-guide/wp-content/uploads/2019/09/Banner-Image-2.jpg
Khandala,Hill Station | Adventure / Trekking | Nature & Scenic,Maharashtra,0,1,https://www.holidify.com/places/khandala/,5501,0,0,0,1,0,0,1,0,0,1,"https://images.thrillophilia.com/image/upload/s--Av8hSHpI--/c_fill,g_auto,h_600,q_auto,w_975/f_auto,fl_strip_profile/v1/images/photos/000/178/699/original/1574493396_khandala-rajmachi-fort-157392790575-orijgp.jpg.jpg"
Aurangabad,Historical & Heritage,Maharashtra,1,0,https://www.holidify.com/places/aurangabad/,1858,1,0,0,0,0,0,0,0,0,0,https://static.toiimg.com/photo/52533619.cms
Panchgani,Hill Station | Nature & Scenic,Maharashtra,0,1,https://www.holidify.com/places/panchgani/,4104,0,0,0,1,0,0,0,0,0,1,https://pictures.trodly.com/image/activity/2530/size-885x420/mode-crop/5c24a7d6e3e38.jpg
Panchmarhi Hills,Hill Station | Nature & Scenic,Madhya Pradesh,0,1,https://www.holidify.com/places/pachmarhi/,5497,0,0,0,1,0,0,0,0,0,1,https://i.pinimg.com/originals/64/10/b2/6410b2b24107ff18dd74383e04994e9f.jpg
Coonoor,Hill Station | Nature & Scenic,Tamil Nadu,0,1,https://www.holidify.com/places/coonoor/,4079,0,0,0,1,0,0,0,0,0,1,https://img.traveltriangle.com/blog/wp-content/uploads/2018/04/Coonoor-cover-picture.jpg
Thiruvananthapuram,Historical & Heritage | City,Kerala,1,1,https://www.holidify.com/places/trivandrum/,1697,1,1,0,0,0,0,0,0,0,0,https://www.oyorooms.com/travel-guide/wp-content/uploads/2019/11/Attukal-Bhagavathy-Temple-at-Thiruvananthapuram.jpg
Lakshadweep Island,Beach | Lake & Backwater,Lakshadweep Island,1,1,https://www.holidify.com/places/lakshadweep-islands/,3658,0,0,0,0,1,1,0,0,0,0,https://adventuresome.in/wp-content/uploads/2019/08/lakshadweep-islands-2.jpg
Bengaluru,CIty,Karnataka,0,1,https://www.holidify.com/places/bangalore/,2564,0,1,0,0,0,0,0,0,0,0,"https://img.etimg.com/thumb/width-1200,height-900,imgsize-800131,resizemode-1,msid-72465860/news/politics-and-nation/view-making-bengaluru-asias-innovation-capital.jpg"
Kalimpong,Hill Station,West Bengal,1,1,https://www.holidify.com/places/kalimpong/,2102,0,0,0,1,0,0,0,0,0,0,https://lp-cms-production.imgix.net/2019-06/GettyImages-164847416_full.jpg?auto=format&fit=crop&ixlib=react-8.6.4&h=520&w=1312
Kurseong,Hill Station | Nature & Scenic,West Bengal,0,1,https://www.holidify.com/places/kurseong/,2511,0,0,0,1,0,0,0,0,0,1,https://www.holidify.com/images/bgImages/KURSEONG.jpg
Lucknow,Historical & Heritage | City,Uttar Pradesh,1,1,https://www.holidify.com/places/lucknow/,2270,1,1,0,0,0,0,0,0,0,0,http://www.travellingadda.com/wp-content/uploads/2020/11/lucknow.jpg
Ayodhya,Historical & Heritage | City | Pilgrimage,Uttar Pradesh,1,1,https://www.holidify.com/places/lucknow/,2270,1,1,1,0,0,0,0,0,0,0,https://resize.indiatvnews.com/en/resize/newbucket/715_-/2020/08/ram-mandir-image-1596552261.jpg
Dudhwa National Park,Wildlife,Uttar Pradesh,1,0,https://www.holidify.com/places/dudhwa-national-park/,4100,0,0,0,0,0,0,0,1,0,0,https://bigcatsindia.com/wp-content/uploads/2020/01/Dudhwa-vasishtaJayanti.jpg
Prayagraj,Pilgrimage,Uttar Pradesh,1,0,https://www.holidify.com/places/allahabad/,1607,0,0,1,0,0,0,0,0,0,0,https://www.skymetweather.com/content/wp-content/uploads/2019/05/img1-63.jpg
Fatehpuri Sikri,Historical & Heritage,Uttar Pradesh,1,0,https://www.holidify.com/places/agra/,1994,1,0,0,0,0,0,0,0,0,0,https://img.traveltriangle.com/blog/wp-content/uploads/2020/03/cover-Places-To-Visit-In-Fatehpur-Sikri.jpg
Warangal,Historical & Heritage |  Nature & Scenic,Telangana,1,1,https://www.holidify.com/places/warangal/,1202,1,0,0,0,0,0,0,0,0,1,https://blogs.revv.co.in/blogs/wp-content/uploads/2020/12/Warangal.jpg
Chopta,Hill Station | Adventure / Trekking | Nature & Scenic,Uttarakhand,1,1,https://www.holidify.com/places/chopta/,,0,0,0,1,0,0,1,0,0,1,https://www.shikhar.com/images/gallery/tours/369/chopta%20chandrashila%20trek.jpg
Kanatal,Hill Station | Nature & Scenic,Uttarakhand,0,1,https://www.holidify.com/places/kanatal/,,0,0,0,1,0,0,0,0,0,1,https://www.nativeplanet.com/photos/560x292/2018/09/photo-92-121740-7.jpg
Lepakshi,Pilgrimage | Historical & Heritage,Andhra Pradesh,1,0,https://www.holidify.com/places/lepakshi/,,1,0,1,0,0,0,0,0,0,0,https://static2.tripoto.com/media/filter/tst/img/1866096/TripDocument/1577957511_shivling.jpg
Ziro,Nature & Scenic,Arunanchal Pradesh,1,1,https://www.holidify.com/places/ziro/,,0,0,0,0,0,0,0,0,0,1,https://www.exoticmiles.com/images/home/States/AP/Ziro-Valley.jpg
Mawsynram,Hill Station | Nature & Scenic,Meghalaya,0,1,https://www.holidify.com/places/mawsynram/,,0,0,0,1,0,0,0,0,0,1,https://encrypted-tbn0.gstatic.com/images?q=tbn:ANd9GcTavBPyw7M9-6pzRjlncW9HEWKDmtQ8yI1TBg&usqp=CAU
Kinnaur,Hill Station | Nature & Scenic,Himachal Pradesh,1,1,https://www.holidify.com/places/kinnaur/,,0,0,0,1,0,0,0,0,0,1,https://www.oyorooms.com/travel-guide/wp-content/uploads/2020/01/NAKO-1.jpg
Jabalpur,Pilgrimage | City,Madhya Pradesh,1,0,https://www.holidify.com/places/jabalpur/,,0,1,1,0,0,0,0,0,0,0,https://images.livemint.com/img/2020/08/17/600x338/PTI16-08-2020_000131B_1597662268774_1597662390286.jpg
Khajjar,Hill Station | Nature & Scenic,Himachal Pradesh,0,1,https://www.holidify.com/places/khajjiar/,,0,0,0,1,0,0,0,0,0,1,https://www.tourmyindia.com/socialimg/khajjiar-himachal-tourism.jpg
Orchha,Historical & Heritage | Pilgrimage,Madhya Pradesh,1,0,https://www.holidify.com/places/orchha/,,1,0,1,0,0,0,0,0,0,0,https://www.mptourism.com/images/point-of-interest/water%20rafting%20225.jpg
Idukki,Wildlife | Nature & Scenic,Kerala,1,1,https://www.holidify.com/places/idukki/,,0,0,0,0,0,0,0,1,0,1,https://pickyourtrail.com/blog/wp-content/uploads/2020/07/Idukki009.jpg
Chikhaldara,Hill Station | Nature & Scenic,Maharashtra,1,1,https://www.holidify.com/places/chikhaldara/,,0,0,0,1,0,0,0,0,0,1,https://static2.tripoto.com/media/filter/tst/img/4335/TripDocument/1471437626_famous_hill_stations_in_india.jpg
Badami,Historical & Heritage | Pilgrimage,Karnataka,1,0,https://www.holidify.com/places/badami/,,1,0,1,0,0,0,0,0,0,0,https://i.ytimg.com/vi/oT4Lf807_P0/maxresdefault.jpg
Thoubal,Nature & Scenic |  Adventure / Trekking,Manipur,0,1,https://www.holidify.com/places/thoubal/,,0,0,0,0,0,0,1,0,0,1,http://travelguide.easemytrip.com/cityGuideImagePath/Thoubal2.jpg
Kashid,Beach | WIldlife,Maharashtra,1,1,https://www.holidify.com/places/kashid/,,0,0,0,0,1,0,0,1,0,0,"https://images.thrillophilia.com/image/upload/s--jsLHMnWJ--/c_fill,h_775,q_auto,w_1600/f_auto,fl_strip_profile/v1/images/photos/000/072/285/original/06.jpg.jpg?1459834529"
Ponmudi,Hill Station | Nature & Scenic | Adventure / Trekking,Kerala,1,1,https://www.holidify.com/places/ponmudi/,,0,0,0,1,0,0,1,0,0,1,https://i.ytimg.com/vi/GBsrsTVqKIY/maxresdefault.jpg
Shojha,Hill Station,Himachal Pradesh,1,1,https://www.holidify.com/places/shojha/,,0,0,0,1,0,0,0,0,0,0,https://www.weekendthrill.com/wp-content/uploads/2016/07/Shojha-compressed.jpg
Bakkhali,Beach,West Bengal,1,0,https://www.holidify.com/places/bakkhali/,,0,0,0,0,1,0,0,0,0,0,https://imgcld.yatra.com/ytimages/image/upload/t_yt_blog_c_fill_q_auto:good_f_auto_w_800_h_500/v1535692595/Bakkhali_West_Bengal_1535692589.jpg
Tarkali,Beach,West Bengal,1,1,https://www.holidify.com/places/tarkarli/,,0,0,0,0,1,0,0,0,0,0,https://media-cdn.tripadvisor.com/media/photo-s/01/76/d0/a4/houseboat-tarkarli-malvan.jpg
Manas National Park,Wildlife,Assam,1,0,https://www.holidify.com/places/manas-national-park/,,0,0,0,0,0,0,0,1,0,0,https://davidsbeenhere.com/wp-content/uploads/2019/06/manas-national-park-travel-guide19.jpg
Patan,Historical & Heritage,Gujarat,1,0,https://www.holidify.com/places/patan/,,1,0,0,0,0,0,0,0,0,0,https://i1.wp.com/myahmedabad.blog/wp-content/uploads/2018/12/surya-kund-of-sun-temple1.png?fit=800%2C400&ssl=1
Mandu,Historical & Heritage,Madhya Pradesh,1,0,https://www.holidify.com/places/mandu/,,1,0,0,0,0,0,0,0,0,0,https://static2.tripoto.com/media/filter/tst/img/593133/TripDocument/1541481741_dsc00046.jpg
Lunglei,Nature & Scenic |  Adventure / Trekking,Mizoram,1,1,https://www.holidify.com/places/lunglei/,,0,0,0,0,0,0,1,0,0,1,https://www.holidify.com/images/bgImages/LUNGLEI.jpg
Mokokchung,Nature & Scenic,Nagaland,0,1,https://www.holidify.com/places/mokokchung/,,0,0,0,0,0,0,0,0,0,1,https://bestplacesofindia.com/wp-content/uploads/2020/10/mokokchung.png
Nubra Valley,Hill Station | Pilgrimage | Nature & Scenic,Ladakh,0,1,https://www.holidify.com/places/nubra-valley/,,0,0,1,1,0,0,0,0,0,1,https://www.swantour.com/blogs/wp-content/uploads/2019/05/Nubra-Valley-in-Ladakh.jpg
Talasari Beach,Beach | Nature & Scenic,Odisha,1,1,https://www.holidify.com/places/talasari-beach/,,0,0,0,0,1,0,0,0,0,1,https://im.whatshot.in/img/2020/Aug/6-1598562211.jpg
Tirthal Valley,Nature & Scenic |  Adventure / Trekking,Himachal Pradesh,0,1,https://www.holidify.com/places/tirthan-valley/,,0,0,0,0,0,0,1,0,0,1,https://www.adotrip.com/public/images/areas/master_images/5f48e5035add4-Tirthan_Valley_Attractions.jpg
Savandurga,Nature & Scenic,Karnataka,1,1,https://www.holidify.com/places/savandurga/,,0,0,0,0,0,0,0,0,0,1,https://www.explorebees.com/uploads/savandurga%20hills%20(4).jpg
Shivagange,Pilgrimage | Nature & Scenic,Karnataka,1,0,https://www.holidify.com/places/shivagange/,,0,0,1,0,0,0,0,0,0,1,https://www.holidify.com/images/cmsuploads/compressed/1961_20200623110649.JPG
Maravanthe,Beach | Nature & Scenic,Karnataka,1,1,https://www.holidify.com/places/maravanthe/,,0,0,0,0,1,0,0,0,0,1,"https://images.thrillophilia.com/image/upload/s--fBTLBzgF--/c_fill,h_600,q_auto,w_975/f_auto,fl_strip_profile/v1/images/photos/000/158/901/original/1560846223_5.jpg.jpg?1560846223"
Bhandardara,Waterfall,Maharashtra,1,1,https://www.holidify.com/places/bhandardara/,,0,0,0,0,0,0,0,0,1,0,https://www.holidify.com/images/bgImages/BHANDARDARA.jpg
Shekhawati,Historical & Heritage,Rajasthan,1,0,https://www.holidify.com/places/shekhawati/,,1,0,0,0,0,0,0,0,0,0,https://cf.bstatic.com/images/hotel/max1024x768/938/93803317.jpg
Bundi,Historical & Heritage,Rajasthan,1,0,https://www.holidify.com/places/bundi/,,1,0,0,0,0,0,0,0,0,0,https://images.squarespace-cdn.com/content/v1/5a3bb03b4c326d76de73ddaa/1562599281869-BJC0AD17Z0A46ETOYV6M/ke17ZwdGBToddI8pDm48kCpX2mwG9slVUzQCwhOMrQF7gQa3H78H3Y0txjaiv_0fDoOvxcdMmMKkDsyUqMSsMWxHk725yiiHCCLfrh8O1z5QPOohDIaIeljMHgDF5CVlOqpeNLcJ80NK65_fV7S1UVDXM9yQ8sG6x3COIEUaadqpk9XPubC0H4MH9Az_c7nPqIjSxZ2rgD2_Fw9U6DWfsg/The_Common_Wanderer_bundi_things_to_do-29.jpg
North Sikkim,Hill Station | Nature & Scenic,Sikkim,0,1,https://www.holidify.com/places/north-sikkim/,,0,0,0,1,0,0,0,0,0,1,https://northbengaltourism.com/images/holiday/828x466_north%20sikkim.jpg
Dhanushkodi,Beach | Nature & Scenic,Tamil Nadu,1,1,https://www.holidify.com/places/dhanushkodi/,,0,0,0,0,1,0,0,0,0,1,https://i1.wp.com/saakshirajat.com/wp-content/uploads/2017/10/IMG_1738.jpg?fit=2048%2C1365&ssl=1
National Chambal Wildlife Sanctuary,Wildlife,Uttar Pradesh,1,1,https://www.holidify.com/places/national-chambal-wildlife-sanctuary/,,0,0,0,0,0,0,0,1,0,0,"https://static.toiimg.com/thumb/msid-51010332,width-748,height-499,resizemode=4,imgsize-166730/Chambal-ki-Ghatti.jpg"
Devprayag,Pilgrimage | Nature & Scenic,Uttarakhand,1,1,https://www.holidify.com/places/devprayag/,,0,0,1,0,0,0,0,0,0,1,https://www.orissapost.com/wp-content/uploads/2019/08/The-confluence-of-the-Alakananda-green-and-the-Bhagirathi-grey-at-Devprayag.jpg
Madhyamaheshwar,Hill Station | Lake & Backwater | Nature & Scenic,Uttarakhand,0,1,https://www.holidify.com/places/madhyamaheshwar/,,0,0,0,1,0,1,0,0,0,1,https://www.chardham-tours.com/wp-content/uploads/2018/05/Madhyamaheshwar-Rudraprayag-733x345.jpg
Naukuchiatal,Lake & Backwater | Nature & Scenic,Uttarakhand,1,1,https://www.holidify.com/places/naukuchiatal/,,0,0,0,0,0,1,0,0,0,1,https://static.toiimg.com/photo/52251973.cms
Kasauli,Hill Station,Himachal Pradesh,1,1,https://www.holidify.com/places/kasauli/,,0,0,0,1,0,0,0,0,0,0,"https://images.thrillophilia.com/image/upload/s--yjEi-dLV--/c_fill,h_600,q_auto,w_975/f_auto,fl_strip_profile/v1/images/photos/000/249/932/original/1588583017_1585698927_mall_road.png.png.jpg?1588583016"
Pithoragarh,Hill Station | Nature & Scenic,Uttarakhand,1,1,https://www.holidify.com/places/pithoragarh/,,0,0,0,1,0,0,0,0,0,1,https://cdn.s3waas.gov.in/s347d1e990583c9c67424d369f3414728e/uploads/2018/02/2018032775-1024x686.jpg
Abbott Mount,Hill Station | Nature & Scenic,Uttarakhand,1,1,https://www.holidify.com/places/abbott-mount/,,0,0,0,1,0,0,0,0,0,1,http://www.hotelranjeetpalace.com/files/uploads/2015/12/abottmountby-multigb.jpg
Jowai,Hill Station | Lake & Backwater | Nature & Scenic | Waterfall,Meghalaya,1,1,https://www.holidify.com/places/jowai/,,0,0,0,1,0,1,0,0,1,1,https://www.twistandtwain.com/assets/resources/2018/09/Krang-Suri-Falls.jpg
Karimganj,Hill Station | Nature & Scenic |  Adventure / Trekking,Assam,1,1,https://www.holidify.com/places/karimganj/,,0,0,0,1,0,0,1,0,0,1,https://www.thetoptours.com/wp-content/uploads/son-beel.jpg
Diphu,Hill Station | Nature & Scenic |  Adventure / Trekking,Assam,1,1,https://www.holidify.com/places/diphu/,,0,0,0,1,0,0,1,0,0,1,https://www.thetoptours.com/wp-content/uploads/arboretum-cum-craft.jpg
Sualkuchi,Nature & Scenic,Assam,1,1,https://www.holidify.com/places/sualkuchi/,,0,0,0,0,0,0,0,0,0,1,https://www.incredibleindia.org/content/dam/incredibleindia/images/places/guwahati/guwahati-kamakhya-temple-10.jpg
Morigaon,Hill Station | Nature & Scenic,Assam,1,1,https://www.holidify.com/places/marigaon/,,0,0,0,1,0,0,0,0,0,1,https://upload.wikimedia.org/wikipedia/commons/thumb/5/52/Saron_Bil_at_Morigaon_2.jpg/1200px-Saron_Bil_at_Morigaon_2.jpg
Bongaigaon,Hill Station | Nature & Scenic,Assam,1,1,https://www.holidify.com/places/bongaigaon/,,0,0,0,1,0,0,0,0,0,1,https://in.toluna.com/dpolls_images/2018/09/13/6307c31f-dd0c-423a-bd20-8d63c5ba905c_x365.jpg
Lilabari,Nature & Scenic |  Adventure / Trekking,Assam,1,1,https://www.holidify.com/places/lilabari/,,0,0,0,0,0,0,1,0,0,1,https://pbs.twimg.com/media/De08QRfU0AA3CUg.jpg
Majuli,Lake & Backwater | Nature & Scenic,Assam,1,1,https://www.holidify.com/places/majuli,,0,0,0,0,0,1,0,0,0,1,https://www.oyorooms.com/travel-guide/wp-content/uploads/2019/06/Image-2-14.jpg
Dibrugarh,City|Nature & Scenic,Assam,1,1,https://www.holidify.com/places/dibrugarh,,0,1,0,0,0,0,0,0,0,1,https://dynamic-media-cdn.tripadvisor.com/media/photo-o/14/07/82/4f/mai-temple.jpg?w=1000&h=600&s=1
Hajo,Pilgrimage,Assam,1,1,https://www.holidify.com/places/hajo,,0,0,1,0,0,0,0,0,0,0,https://www.thetoptours.com/wp-content/uploads/hayagriva-madhava-temple.jpg
Barpeta,Pilgrimage | Nature & Scenic,Assam,1,1,https://www.holidify.com/places/barpeta,,0,0,1,0,0,0,0,0,0,1,https://upload.wikimedia.org/wikipedia/commons/5/5d/Sankardev_Satra_Patbausi%2C_Barpeta.jpg
Sivasagar,Historical & Heritage | Pilgrimage| Lake & Backwater| City,Assam,1,1,https://www.holidify.com/places/sibsagar/,,1,1,1,0,0,1,0,0,0,0,https://davidsbeenhere.com/wp-content/uploads/2019/10/5-things-to-do-in-sivasagar-assam-india2.png
Tinsukia,Wildlife | Nature & Scenic,Assam,1,1,https://www.holidify.com/places/tinsukia/,,0,0,0,0,0,0,0,1,0,1,https://upload.wikimedia.org/wikipedia/commons/9/95/Tinkunia_pukhri.jpg
Dimapur,City,Nagaland,1,1,https://www.holidify.com/places/dimapur,,0,1,0,0,0,0,0,0,0,0,https://dynamic-media-cdn.tripadvisor.com/media/photo-o/0e/62/13/76/pillars-at-kachari-ruins.jpg?w=1000&h=-1&s=1
Tuensang,Hill Station | Nature & Scenic,Nagaland,1,1,https://www.holidify.com/places/tuensang,,0,0,0,1,0,0,0,0,0,1,https://cdn.s3waas.gov.in/s3fe131d7f5a6b38b23cc967316c13dae2/uploads/2018/03/2018033137-1024x683.jpg
Kohima,Nature & Scenic |  Adventure / Trekking | Hill Station,Nagaland,1,1,https://www.holidify.com/places/kohima,,0,0,0,1,0,0,1,0,0,1,https://img.traveltriangle.com/blog/wp-content/uploads/2019/12/cover-places-to-visit-in-kohima.jpg
Phek,Lake & Backwater | Nature & Scenic  | Hill Station | Waterfall,Nagaland,1,1,https://www.holidify.com/places/phek,,0,0,0,1,0,1,0,0,1,1,http://nammakpsc.com/wp/wp-content/uploads/2017/01/KAS-KPSC-IAS-IPS-KAS-KPSC-Exams.jpg
Mon,Hill Station | Nature & Scenic,Nagaland,1,1,https://www.holidify.com/places/mon,,0,0,0,1,0,0,0,0,0,1,https://dynamic-media-cdn.tripadvisor.com/media/photo-o/13/99/8e/93/view-from-the-higher.jpg?w=1000&h=600&s=1
Jorhat,Nature & Scenic,Assam,1,1,https://www.holidify.com/places/jorhat/,,0,0,0,0,0,0,0,0,0,1,https://upload.wikimedia.org/wikipedia/commons/8/81/Asom_Bangiya_Saraswat_Math%2C_Jorhat.jpg
Tamenglong,Lake & Backwater | Nature & Scenic  | Hill Station | Waterfall,Manipur,1,1,https://www.holidify.com/places/tamenglong,,0,0,0,1,0,1,0,0,1,1,https://cdn.s3waas.gov.in/s3a3c65c2974270fd093ee8a9bf8ae7d0b/uploads/2018/03/2018031354.jpg
Chandel,Nature & Scenic  | Hill Station | Wildlife,Manipur,1,1,https://www.holidify.com/places/chandel,,0,0,0,1,0,0,0,1,0,1,http://www.vivacepanorama.com/wp-content/uploads/2015/10/Chandel-of-Bundelkhand.jpg
Zuluk,Nature & Scenic  | Hill Station,Sikkim,1,1,https://www.holidify.com/places/zuluk,,0,0,0,1,0,0,0,0,0,1,https://static2.tripoto.com/media/filter/tst/img/2953/TripDocument/zigzag_road_to_zuluk_from_thambi_view_point_east_sikkim.jpg
South Sikkim,Nature & Scenic  | Hill Station,Sikkim,1,1,https://www.holidify.com/places/south-sikkim/,,0,0,0,1,0,0,0,0,0,1,https://cdn.s3waas.gov.in/s38757150decbd89b0f5442ca3db4d0e0e/uploads/2018/08/2018081468.jpg
Aizawl,City | Waterfall | Hill Station,Mizoram,1,1,https://www.holidify.com/places/aizawl,,0,1,0,1,0,0,0,0,1,0,https://compassionatecities.com/sites/default/files/india/images/Aizawl.jpg
Serchhip,Nature & Scenic | Waterfall,Mizoram,1,1,https://www.holidify.com/places/serchhip,,0,0,0,0,0,0,0,0,1,1,https://upload.wikimedia.org/wikipedia/commons/thumb/c/cf/Darlong_people_in_traditonal_dress.jpg/1200px-Darlong_people_in_traditonal_dress.jpg
Champhai,Wildlife | Nature & Scenic | Lake & Backwater,Mizoram,1,1,https://www.holidify.com/places/champhai,,0,0,0,0,0,1,0,1,0,1,https://www.nativeplanet.com/img/2015/06/30-1435644601-mizohlakungpuimual1.jpg
Mamit,Wildlife | Nature & Scenic,Mizoram,1,1,https://www.holidify.com/places/mamit,,0,0,0,0,0,0,0,1,0,1,https://www.letsseetourandtravels.com/images/inner/mizoram.jpg
Saiha,Wildlife | Nature & Scenic | Lake & Backwater,Mizoram,1,1,https://www.holidify.com/places/saiha,,0,0,0,0,0,1,0,1,0,1,https://www.micahimages.com/blog/wp-content/uploads/2011/05/blog-6684.jpg
Kolasib,Nature & Scenic | Lake & Backwater,Mizoram,1,1,https://www.holidify.com/places/kolasib,,0,0,0,0,0,1,0,0,0,1,https://static.india.com/wp-content/uploads/2019/06/River-Tlawng-Mizoram..jpg
Agartala,Historical & Heritage | Wildlife | Pilgrimage,Tripura,1,1,https://www.holidify.com/places/agartala,,1,0,1,0,0,0,0,1,0,0,https://www.gingerhotels.com/resourcefiles/blogsmallimages/blog-top-5-travel-destinations-of-agartala.jpg
Kailashahar,Historical & Heritage | Pilgrimage | Adventure / Trekking,Tripura,1,1,https://www.holidify.com/places/kailashahar,,1,0,1,0,0,0,1,0,0,0,https://www.hlimg.com/images/places2see/738X538/1_1538379908m.jpg
Unakoti,Pilgrimage | Adventure / Trekking,Tripura,1,1,https://www.holidify.com/places/unakoti,,0,0,1,0,0,0,1,0,0,0,https://www.nativeplanet.com/img/2016/06/unakotishiva-03-1464934427.jpg
Tura,Waterfall | Wildlife | Adventure / Trekking,Meghalaya,1,1,https://www.holidify.com/places/tura,,0,0,0,0,0,0,1,1,1,0,https://cf.bstatic.com/images/hotel/max1024x768/264/264809508.jpg
Nongpoh,Nature & Scenic | Lake & Backwater,Meghalaya,1,1,https://www.holidify.com/places/nongpoh,,0,0,0,0,0,1,0,0,0,1,https://www.holidify.com/images/bgImages/NONGPOH.jpg
Williamnagar,Nature & Scenic | Historical & Heritage,Meghalaya,1,1,https://www.holidify.com/places/williamnagar,,1,0,0,0,0,0,0,0,0,1,https://www.holidify.com/images/bgImages/WILLIAMNAGAR.jpg
Baghmara,Lake & Backwater | Wildlife,Meghalaya,1,1,https://www.holidify.com/places/baghmara,,0,0,0,0,0,1,0,1,0,0,https://pbs.twimg.com/media/D0JEsTvVAAEfQBq.jpg
Imphal,Nature & Scenic | Historical & Heritage | Wildlife | Lake & Backwater,Manipur,1,1,https://www.holidify.com/places/imphal,,1,0,0,0,0,1,0,1,0,1,https://herlittlespace.com/wp-content/uploads/2019/04/IMG-20190407-WA0005.jpg
Roing,Nature & Scenic | Lake & Backwater | Wildlife,Arunanchal Pradesh,1,1,https://www.holidify.com/places/roing,,0,0,0,0,0,1,0,1,0,1,https://i.pinimg.com/originals/aa/80/84/aa8084d8829634cdf2afe2bebc14b505.jpg
Tungnath,Pilgrimage | Adventure / Trekking,Uttarakhand,1,1,https://www.holidify.com/places/tungnath/,,0,0,1,0,0,0,1,0,0,0,https://static2.tripoto.com/media/filter/tst/img/672472/TripDocument/1532553591_20180127_142911.jpg
Kanchula Korak Musk Deer Sanctuary,Wildlife | Nature & Scenic,Uttarakhand,1,1,https://www.holidify.com/places/tungnath/kanchula-korak-musk-deer-sanctuary-sightseeing-6071.html,,0,0,0,0,0,0,0,1,0,1,https://choptawildlife.com/wp-content/uploads/2017/12/Kanchula-Korak-Musk-Deer-Sanctuary..jpg
Champawat,Historical & Heritage | Pilgrimage,Uttarakhand,1,1,https://www.holidify.com/places/champawat/,,1,0,1,0,0,0,0,0,0,0,https://uttarakhandtourism.gov.in/sites/default/files/2021-02/champawat-banner1.jpg
Jageshwar,Historical & Heritage | Pilgrimage,Uttarakhand,1,1,https://www.holidify.com/places/jageshwar/,,1,0,1,0,0,0,0,0,0,0,https://images.financialexpress.com/2019/07/jageshwar660-2.jpg?w=1200&h=800&imflag=true
Kausani,Nature & Scenic  | Hill Station,Uttarakhand,1,1,https://www.holidify.com/places/kausani/,,0,0,0,1,0,0,0,0,0,1,https://www.noblehousetours.com/wp-content/uploads/2017/02/almorauttarakhand.jpg
Mukteshwar,Nature & Scenic  | Hill Station | Pilgrimage,Uttarakhand,1,1,https://www.holidify.com/places/mukteshwar/,,0,0,1,1,0,0,0,0,0,1,https://static.toiimg.com/thumb/51790664.cms?resizemode=75&width=1200&height=900
Sattal,Nature & Scenic  | Hill Station | Lake & Backwater,Uttarakhand,1,1,https://www.holidify.com/places/sattal/,,0,0,0,1,0,1,0,0,0,1,https://www.holidify.com/images/bgImages/SATTAL.jpg
Joshimath,Nature & Scenic  | Hill Station | Pilgrimage | Historical & Heritage,Uttarakhand,1,1,https://www.holidify.com/places/joshimath/,,1,0,1,1,0,0,0,0,0,1,https://www.oyorooms.com/travel-guide/wp-content/uploads/2019/12/shutterstock_714632947.jpg
Hemkund Sahib,Nature & Scenic  | Hill Station | Pilgrimage | Historical & Heritage,Uttarakhand,1,1,https://www.holidify.com/places/hemkund-sahib/,,1,0,1,1,0,0,0,0,0,1,https://majesticjourney.in/wp-content/uploads/2020/05/hemkund-sahib.jpg
Nelong Valley,Hill Station | Nature & Scenic | Adventure / Trekking,Uttarakhand,0,1,https://www.holidify.com/places/nelong-valley/,,0,0,0,1,0,0,1,0,0,1,https://www.holidify.com/images/bgImages/NELONG-VALLEY.jpg
Gaumukh,Pilgrimage | Nature & Scenic  | Adventure / Trekking,Uttarakhand,1,1,https://www.holidify.com/places/gaumukh/,,0,0,1,0,0,0,1,0,0,1,https://upload.wikimedia.org/wikipedia/commons/0/02/View_of_Gaumukh.jpg
Mcleodganj,Nature & Scenic  | Hill Station,Himachal Pradesh,1,1,https://www.holidify.com/places/mcleodganj/,,0,0,0,1,0,0,0,0,0,1,"https://images.thrillophilia.com/image/upload/s--Xkjq11eY--/c_fill,g_auto/v1/collections/images/014/808/844/original/1598130383_1597212029_186162529.jpg.jpg"
Mandi,Nature & Scenic  | Hill Station | Pilgrimage,Himachal Pradesh,1,1,https://www.holidify.com/places/mandi/,,0,0,1,1,0,0,0,0,0,1,"https://img.traveltriangle.com/blog/wp-content/tr:w-700,h-400/uploads/2017/10/A-beautiful-lake-surrounded-by-green-meadows-ss05102017.jpg"
Chamba,Nature & Scenic  | Hill Station,Himachal Pradesh,1,1,https://www.holidify.com/places/chamba/,,0,0,0,1,0,0,0,0,0,1,https://s3.india.com/travel/wp-content/uploads/2015/07/ganga-tehri-chamba.jpg
Vaishno Devi,Historical & Heritage | Pilgrimage | Nature & Scenic,Jammu & Kashmir,1,1,https://www.holidify.com/places/vaishno-devi/,,1,0,1,0,0,0,0,0,0,1,https://blogs.revv.co.in/blogs/wp-content/uploads/2020/11/Vaishno-Devi-Temple-Vaishno-Devi.jpg
Patnitop,Nature & Scenic  | Hill Station,Jammu & Kashmir,1,1,https://www.holidify.com/places/patnitop/,,0,0,0,1,0,0,0,0,0,1,https://i2.wp.com/travelshoebum.com/wp-content/uploads/2018/03/img_2157.jpg?resize=1000%2C750&ssl=1
Sanasar,Nature & Scenic | Adventure / Trekking | Pilgrimage,Jammu & Kashmir,1,1,https://www.holidify.com/places/sanasar/,,0,0,1,0,0,0,1,0,0,1,https://www.tourmyindia.com/socialimg/sanasar-tourism.jpg
Amarnath,Historical & Heritage | Pilgrimage | Nature & Scenic,Jammu & Kashmir,1,1,https://www.holidify.com/places/amarnath/,,1,0,1,0,0,0,0,0,0,1,https://images.thequint.com/thequint%2F2018-07%2Fb32f747e-fe83-45f1-8e7b-2f2054a7d168%2Famarnath.jpg?rect=39%2C0%2C800%2C450&w=1200&auto=format%2Ccompress&ogImage=true
Dras,Nature & Scenic  | Hill Station,Jammu & Kashmir,1,1,https://www.holidify.com/places/dras/,,0,0,0,1,0,0,0,0,0,1,https://www.adotrip.com/public/images/areas/master_images/5d4a5df2a3cff-Dras_Attractions.jpg
Dachigam National Park,Nature & Scenic | Adventure / Trekking | Pilgrimage,Jammu & Kashmir,1,1,https://www.holidify.com/places/dachigam-national-park/,,0,0,1,0,0,0,1,0,0,1,https://www.tourmyindia.com/states/jammu-kashmir/image/dachigam-national-park3.jpg
Pulwama,Nature & Scenic  | Hill Station,Jammu & Kashmir,1,1,https://www.holidify.com/places/pulwama/,,0,0,0,1,0,0,0,0,0,1,https://www.adotrip.com/public/images/areas/5d495596954da-Pulwama%20Travel%20Plan.jpg
Baltal,Nature & Scenic  | Hill Station | Lake & Backwater,Jammu & Kashmir,1,1,https://www.holidify.com/places/baltal/,,0,0,0,1,0,1,0,0,0,1,https://www.makemytrip.com/travel-guide/media/dg_image/sonmarg/Baltal-Valley-Sonmarg.jpg
Madikeri,Nature & Scenic  | Hill Station,Karnataka,1,1,https://www.holidify.com/places/madikeri/,,0,0,0,1,0,0,0,0,0,1,https://cdn1.goibibo.com/voy_ing/t_fs/coorg-madikeri-149523697744o.jpeg
Dubare,Nature & Scenic | Adventure / Trekking,Karnataka,1,1,https://www.holidify.com/places/dubare/,,0,0,0,0,0,0,1,0,0,1,https://explorebees.com/uploads/Dubare%20Elephant%20Camp.jpg
Coimbatore,City | Adventure / Trekking,Tamil Nadu,1,1,https://www.holidify.com/places/coimbatore/,,0,1,0,0,0,0,1,0,0,0,https://www.oyorooms.com/travel-guide/wp-content/uploads/2019/10/Coimbatore.jpg
Kolukkumalai,Nature & Scenic  | Hill Station,Tamil Nadu,1,1,https://www.holidify.com/places/kolukkumalai/,,0,0,0,1,0,0,0,0,0,1,https://keralatourism.travel/images/places-to-visit/headers/kolukkumalai-tea-estate-munnar-tourism-entry-fee-timings-holidays-reviews-header.jpg
Vagamon,Nature & Scenic  | Hill Station,Kerala,1,1,https://www.holidify.com/places/vagamon/,,0,0,0,1,0,0,0,0,0,1,https://i.pinimg.com/originals/8b/79/2b/8b792ba9319692153ad889205d9c1a9e.jpg
Kumily,Nature & Scenic  | Adventure / Trekking |  Wildlife,Kerala,1,1,https://www.holidify.com/places/kumily/,,0,0,0,0,0,0,1,1,0,1,https://irisholidays.com/backend/web/destination-details/kumily-thekkady1-1567407593.jpg
Peerumedu,Nature & Scenic  | Hill Station |  Adventure / Trekking,Kerala,1,1,https://www.holidify.com/places/peermede/,,0,0,0,1,0,0,1,0,0,1,https://www.holidify.com/images/bgImages/PEERMEDE.jpg
Tehri Garhwal,Nature & Scenic  | Hill Station  |  Adventure / Trekking | Lake & Backwater,Uttarakhand,1,1,https://www.holidify.com/places/tehri-garhwal/,,0,0,0,1,0,1,1,0,0,1,https://www.nativeplanet.com/img/2017/07/11-1499743719-2-.jpg
Shoghi,Nature & Scenic  | Hill Station | Pilgrimage,Himachal Pradesh,1,1,https://www.holidify.com/places/shoghi/,,0,0,1,1,0,0,0,0,0,1,https://www.indoasiaholidays.com/public/upload/blog/24/images/large/24_1554722812_2.jpg
Narkanda,Nature & Scenic  | Hill Station |  Adventure / Trekking,Himachal Pradesh,1,1,https://www.holidify.com/places/narkanda/,,0,0,0,1,0,0,1,0,0,1,https://auramahvalley.com/wp-content/uploads/2018/09/things-to-do-in-narkanda.jpg
Mashobra,Nature & Scenic  | Hill Station,Himachal Pradesh,1,1,https://www.holidify.com/places/mashobra/,,0,0,0,1,0,0,0,0,0,1,https://memorableindia.com/blog/wp-content/uploads/2019/04/mahasu-temple-in-mashobra.jpg
Chail,Nature & Scenic  | Hill Station,Himachal Pradesh,1,1,https://www.holidify.com/places/chail/,,0,0,0,1,0,0,0,0,0,1,https://www.holidify.com/images/bgImages/CHAIL.jpg
Chamoli,Nature & Scenic  | Hill Station | Wildlife,Uttarakhand,1,1,https://www.holidify.com/places/chamoli/,,0,0,0,1,0,0,0,1,0,1,https://www.holidify.com/images/compressed/2091.jpg
Guptakashi,Nature & Scenic  | Hill Station | Pilgrimage,Uttarakhand,1,1,https://www.holidify.com/places/guptakashi/,,0,0,1,1,0,0,0,0,0,1,https://www.gosahin.com/go/p/a/1515528482_Vishwanath-Guptkashi4.jpg
Dhanaulti,Nature & Scenic  | Hill Station,Uttarakhand,1,1,https://www.holidify.com/places/dhanaulti/,,0,0,0,1,0,0,0,0,0,1,https://assets.traveltriangle.com/blog/wp-content/uploads/2016/08/Dhanaulti.jpg
Kaza,Nature & Scenic  | Hill Station | Lake & Backwater,Himachal Pradesh,1,1,https://www.holidify.com/places/kaza/,,0,0,0,1,0,1,0,0,0,1,https://www.india.com/wp-content/uploads/2018/08/Kaza.jpg
Tirthan Valley,Nature & Scenic  |  Adventure / Trekking,Himachal Pradesh,1,1,https://www.holidify.com/places/tirthan-valley/,,0,0,0,0,0,0,1,0,0,1,https://www.holidify.com/images/bgImages/TIRTHAN-VALLEY.jpg
Shoja,Nature & Scenic  | Hill Station,Himachal Pradesh,1,1,https://www.holidify.com/places/shojha/,,0,0,0,1,0,0,0,0,0,1,https://www.nativeplanet.com/img/2017/04/pic07-05-1491381743.jpg
Cuttack,City,Odisha,1,1,https://www.holidify.com/places/cuttack,,0,1,0,0,0,0,0,0,0,0,https://odishatourism.gov.in/content/dam/tourism/home/discover/major-cities/cuttack/see-to-believe/Cuttack-gallery2.jpg
Digha,Nature & Scenic | Beach,West Bengal,1,1,https://www.holidify.com/places/digha/,,0,0,0,0,1,0,0,0,0,1,https://www.wbtourismgov.in/home/download/places/udaypur_new.jpg
Sundarbans National Park,Wildlife,West Bengal,1,1,https://www.holidify.com/places/sundarban-national-park/,,0,0,0,0,0,0,0,1,0,0,https://mediaindia.eu/wp-content/uploads/2018/03/gallery_photo_sundarbans-national-park-animal1467370769.jpg
Ganga Sagar (Sagardwip),Pilgrimage,West Bengal,1,1,https://www.holidify.com/places/sagardwip/,,0,0,1,0,0,0,0,0,0,0,https://1.bp.blogspot.com/-K-Jtkvi5NCQ/Xgo4RxY-zJI/AAAAAAAAAFg/SRRBJ6aQmTo8hUARmZGlOUKcMhVBp0kJQCLcBGAsYHQ/s1600/Kapil%2BMuni%2BTemple.jpg
Sambalpur,Nature & Scenic | Wildlife | Pilgrimage,Odisha,1,1,https://www.holidify.com/places/sambalpur,,0,0,1,0,0,0,0,1,0,1,https://odishatourism.gov.in/content/dam/tourism/home/discover/attractions/temples-&-monuments/samaleswari-temple/samaleswari%20corosal1.jpg
Rourkela,Nature & Scenic | City,Odisha,1,1,https://www.holidify.com/places/rourkela,,0,1,0,0,0,0,0,0,0,1,https://odishatourism.gov.in/content/dam/tourism/home/discover/major-cities/rourkela/rourkela_gallery_hanuman_vatika.jpg
Yercaud,Hill Station,Tamil Nadu,0,1,https://www.holidify.com/places/yercaud,,0,0,0,1,0,0,0,0,0,0,https://dynamic-media-cdn.tripadvisor.com/media/photo-o/08/39/e2/a8/32-km-loop-road.jpg?w=1000&h=600&s=1
Bhedaghat,Waterfall,Madhya Pradesh,0,1,https://www.holidify.com/places/bhedaghat,,0,0,0,0,0,0,0,0,1,0,https://monomousumi.com/wp-content/uploads/Bhedhaghat-Tourism.jpg
Varkala,Nature & Scenic | Beach,Kerala,1,1,https://www.holidify.com/places/varkala,,0,0,0,0,1,0,0,0,0,1,https://upload.wikimedia.org/wikipedia/commons/0/07/Varkala_2020_Oct.jpg
Poovar,Lake & Backwater | Beach,Kerala,0,1,https://www.holidify.com/places/poovar,,0,0,0,0,1,1,0,0,0,0,https://www.keralatravelpal.com/images/poovar_island_and_backwater.jpg
Bekal,Lake & Backwater | Beach | Historical & Heritage,Kerala,1,1,https://www.holidify.com/places/bekal,,1,0,0,0,1,1,0,0,0,0,https://upload.wikimedia.org/wikipedia/commons/7/74/Bekal.jpg
Kollam,Lake & Backwater | Beach | Historical & Heritage | Nature & Scenic,Kerala,1,1,https://www.holidify.com/places/kollam,,1,0,0,0,1,1,0,0,0,1,https://i.pinimg.com/originals/b1/10/51/b11051108583a2a76003246ff42eac1c.jpg
Palakkad,Lake & Backwater | Nature & Scenic,Kerala,1,1,https://www.holidify.com/places/palakkad,,0,0,0,0,0,1,0,0,0,1,https://k6u8v6y8.stackpathcdn.com/blog/wp-content/uploads/2015/10/Best-Places-to-visit-in-Palakkad-Kerala.jpg
Thalassery,Historical & Heritage | Nature & Scenic,Kerala,1,1,https://www.holidify.com/places/thalaserry-tellicherry,,1,0,0,0,0,0,0,0,0,1,https://davidsbeenhere.com/wp-content/uploads/2020/04/5-things-you-must-do-in-thalassery-kerala-india-asia-davidsbeenhere18.jpg
Nelliyampathy,Hill Station | Nature & Scenic,Kerala,0,1,https://www.holidify.com/places/nelliyampathy,,0,0,0,1,0,0,0,0,0,1,https://www.keralatourism.org/images/malabar/static-banner/large/Nelliyampathy-25102019111300.JPG
Vythiri,Wildlife | Waterfall | Nature & Scenic,Kerala,0,1,https://www.holidify.com/places/vythiri,,0,0,0,0,0,0,0,1,1,1,https://cdn0.weddingwire.in/emp/fotos/7/6/9/0/r10_2x_paradise.jpg
Nilambur,Nature & Scenic | Wildlife | Waterfall,Kerala,0,1,https://www.holidify.com/places/nilambur,,0,0,0,0,0,0,0,1,1,1,https://www.weekendthrill.com/wp-content/uploads/2016/07/Nilamber-compressed.jpg
Kalpetta,Nature & Scenic,Kerala,1,1,https://www.holidify.com/places/kalpetta,,0,0,0,0,0,0,0,0,0,1,https://blog.sotc.in/wp-content/uploads/2018/08/Heart_shaped_pond_Wayanad-1024x683.jpg
Muthanga Wildlife Sanctuary,Wildlife,Kerala,0,1,https://www.holidify.com/places/muthanga-wildlife-sanctuary/,,0,0,0,0,0,0,0,1,0,0,http://puzhamoolafarmvillas.com/images/attractions/muthanga-wildlife-banner.jpg
Kannur,Historical & Heritage | Nature & Scenic | Beach,Kerala,1,1,https://www.holidify.com/places/kannur,,1,0,0,0,1,0,0,0,0,1,https://www.thehindu.com/news/national/kerala/83tkmt/article25883708.ece/ALTERNATES/LANDSCAPE_1200/02tvkr-palakkayamthattu
Sanchi,Historical & Heritage | Pilgrimage,Madhya Pradesh,1,1,https://www.holidify.com/places/sanchi,,1,0,1,0,0,0,0,0,0,0,https://travelandtrekking.com/wp-content/uploads/2018/01/Sanchi-Stupa-Madhya-Pradesh-picsc.jpg
Ujjain,Historical & Heritage | Pilgrimage,Madhya Pradesh,1,1,https://www.holidify.com/places/ujjain,,1,0,1,0,0,0,0,0,0,0,https://www.tripsavvy.com/thmb/ifcTO72kY6g1thLUzQaPqQs-it8=/3355x2516/smart/filters:no_upscale()/GettyImages-126924479-5b840d6746e0fb0050b92c08.jpg
Amaravathi,Pilgrimage | Nature & Scenic | City,Andhra Pradesh,1,1,https://www.holidify.com/places/amaravathi,,0,1,1,0,0,0,0,0,0,1,https://lh3.googleusercontent.com/proxy/J7zTEREyQ8OnpCu_Y3f9C8Guj7mOwUSwS1W-KK7aT3IaFiWnl3MoBeM8-VwVYQu0UyP6vZBW3wGJcsoYr5IDTfRA5_CF8u5XsNnb1vSQfi3ZmGg0otb0u1nWV5Gb6Ed0L4GmcPfGndihQjXA9g6VecZSrTkA34bKMwFJ6MM38CMEf1SemFySfgFicAYX-Q
Araku Valley,Hill Station,Andhra Pradesh,0,1,https://www.holidify.com/places/araku-valley,,0,0,0,1,0,0,0,0,0,0,https://www.sushanttravels.com/uploads/AbqWT6R_araku_valley_3.jpg
Ananthagiri Hills,Historical & Heritage | Nature & Scenic | Hill Station,Andhra Pradesh,0,1,https://www.holidify.com/places/ananthagiri-hills,,1,0,0,1,0,0,0,0,0,1,https://www.trawell.in/admin/images/upload/341453735Yaganti_VenkateswaraCave_Main.jpg
Vijayawada,Historical & Heritage | Nature & Scenic | Pilgrimage | City,Andhra Pradesh,1,1,https://www.holidify.com/places/vijayawada,,1,1,1,0,0,0,0,0,0,1,https://upload.wikimedia.org/wikipedia/commons/e/e1/Kanaka_Durga_Temple.jpg
Gandikota,Historical & Heritage | Nature & Scenic,Andhra Pradesh,1,1,https://www.holidify.com/places/gandikota,,1,0,0,0,0,0,0,0,0,1,https://images.newindianexpress.com/uploads/user/imagelibrary/2020/1/11/w1200X800/All_set_for-Gandikota.jpg
Anantapur,Historical & Heritage,Andhra Pradesh,1,1,https://www.holidify.com/places/anantapur,,1,0,0,0,0,0,0,0,0,0,https://jntuacea.ac.in/images/atp.jpg
Guntur,Historical & Heritage | Pilgrimage | City,Andhra Pradesh,1,1,https://www.holidify.com/places/guntur,,1,1,1,0,0,0,0,0,0,0,"https://res.cloudinary.com/dwzmsvp7f/image/fetch/q_75,f_auto,w_1316/http%3A%2F%2Fres.cloudinary.com%2Fdwzmsvp7f%2Fimage%2Fupload%2Fv1571729963%2Fiaj7ytoiiuaeoxm74q0m.jpg"
Kurnool,Historical & Heritage | City | Nature & Scenic,Andhra Pradesh,1,1,https://www.holidify.com/places/kurnool,,1,1,0,0,0,0,0,0,0,1,https://cdn.s3waas.gov.in/s37f24d240521d99071c93af3917215ef7/uploads/2018/02/2018022887-1024x924.jpg
Nellore,City,Andhra Pradesh,1,1,https://www.holidify.com/places/nellore,,0,1,0,0,0,0,0,0,0,0,https://www.ne.cab/package/upload/packages_images/1566465448_packages_images0.jpg
Rajahmundry,Nature & Scenic | Pilgrimage,Andhra Pradesh,1,1,https://www.holidify.com/places/rajahamundry,,0,0,1,0,0,0,0,0,0,1,https://cdn1.goibibo.com/voy_ing/t_fs/east-godavari-rajahmundry-14866471342o.jpeg
Jagdalpur,Historical & Heritage | Nature & Scenic | Waterfall,Chattisgarh,1,1,https://www.holidify.com/places/jagdalpur,,1,0,0,0,0,0,0,0,1,1,https://cdn1.goibibo.com/voy_ing/t_fs/bastar-jagdalpur-14840572862o.jpeg
Dantewada,Nature & Scenic,Chattisgarh,1,1,https://www.holidify.com/places/dantewada/,,0,0,0,0,0,0,0,0,0,1,https://cdn.s3waas.gov.in/s3556f391937dfd4398cbac35e050a2177/uploads/bfi_thumb/2018061054-olw8ny9at1nhzngr5rdwyom0govi1gl84sygk0qdfu.jpg
Raipur,Nature & Scenic | City | Wildlife | Waterfall,Chattisgarh,1,1,https://www.holidify.com/places/raipur,,0,1,0,0,0,0,0,1,1,1,https://media-exp1.licdn.com/dms/image/C511BAQEe4OzhpR6clw/company-background_10000/0/1576313706883?e=2159024400&v=beta&t=2Epu1bne_vCAxZut3OcwyLteqCPomJ3SVXdaiDOwb9w
Bhilai,Nature & Scenic | City,Chattisgarh,1,1,https://www.holidify.com/places/bhilai,,0,1,0,0,0,0,0,0,0,1,https://qph.fs.quoracdn.net/main-qimg-c3b7d921fd030234c9363115b2929620.webp